name,address
""
""
""
""
""
""
""
""
""
""
""
""
""
""
""
""
""
""
""
""
""
""
""
""
""
""
""
""
""
""
""
""
""
101 Distributors
1 Stop Smoke Shop
20 past 4 and more
2 Raw Entertainment
305 Smoke Shop
360 Smoke & Vape
3 Dimension Smoke Shop and Gifts
3D Vapor
3rd Coast Smoke Shop
4 Aces Smoke And Liquor
5150 N'Fusion
540 Smoke And Vape
5 Points Vapor & More
660 Smoke And Vape
66 Smoke Shop
72 Wholesale
76 Smoke Shop
7th Heaven
7 Wonderz Vapor
904 Smiles 1
904 Smiles 2
920 CBD
92 Smoke And Vape
A1 Vape & Wholesale
Ace Of Vapes
Adams Apple
Adobe Smoke Shop
Advanced Vapor
Alien Botanicals
All Access CBD
All city Vapes
All Da Smoke of Batavia
All In One Liquor & Smoke House
All In One Wholesale
All Smoke
American Shaman - Ellisville
AMS Distribution
AMS Medical Supply & CBD
Andys Smoke Shop
Angel Wholesale
A Plus Convenience
A Plus Smoke Shop
Aqueous Vapor
Area 51
"Asha’s Elixirs, Inc"
Avalon Vapor
Bahama Mama - Katy
Bahama Mama - Spring
Bayside Smoke Shop
B&B Alternatives LLC. - The Remedy
Bear Vapor
BellaCanna
Best Buds
Beyond Full Spectrum
Beyond Smoke Shop 
Beyond Smoke Shop 
Big Johns Vapes
Big Time Vapes
Bizzare Glass
BJ Food Mart
Blazin Vibes
Blue CBD
Blue Ox Distribution
Bobby Enterprise
Bohemian Lair LLC
Bohemian Smoke Shop
Boosted Dreamz
Broken glass Smoke Shop
Bucky’s Vape & More
Buddys Vape
Cabo Ella Group
Canna Beach Daze
Cannabliss
Cannaleaf Hemp Company
Capes Vape
Capes Vapes 2
Casual Vapes Vaping Kicks Ash
Cbd American Shaman
CBD American Shaman
CBD American Shaman - PA
CBD Cafe
CBD + Health Boutique
CBD Hemp Connection
CBD Life
CBD of EGF
CBD of Jensen Beach
CBD Pharmacy
CBD REMEDIES
CBD Rx
CBD Unlimited
Cedarville Smoke Shop
Central Smoke Shop
Cheap Smokes Stateline
Cheap Tobacco
Cheers
Chief Capital
Chief City Vapor
Chillum Inc
Ciggy's
CJ's Express Outlet
Closet Classics
Cloud 9 Florida
Cloud 9 Lincoln
Cloud9 Smoke co
Clouds Vape and Hookah
Cloud X
Cloudy Vapor
COCO Labs Dispensary
Colorful Vibes
Como Grow Supply
Complete Vapors
Concrete Jungle
Core Tectonics
Corner News
Corning Smoke Shop
Cosmic Charlies
Could 9 Arkansas
Cox's Smokers Outlet
Crescent Tobacco
Crescent Tobacco
CRFT Hemp
Crimson and Cream Wellness Bar
Crimson Vapor
Cross Cultures
Crossville Vapor
Customary CBD
Cutting Edge Oils
Da Gallery
Dave's Not Here Man
DBA Beer and Smoke Shop
DDA Maxx Tobacco
Deep South State of Mind
Denton Tobacco & Cigar
Dharma
Discount Cigarettes Tobacco & Vape
Discount Liquor and smoke
Discount Smoke Shop
Dixie Smoke Shop
DJ's Market
DK Smoke Shop
Dorsett Vapor
Down In The Valley
Downtown Vape
DownTown Vape Shop
Dr. Smoke
Dye Pirates
Dyer Smokes and More
Earth Grown Wellness
East Coast Psychedelics
Eastern KY Hemp Co.
E-Cig City
E Cig Mania
Eclipse CBD
Elev8 Cannabis
Elevated Smoke And Vape
Elevation Brand
E-Life Basics
Elite Smoke Shop
Elmhurst CBD Shop
Emerald City Vape Shop
Emerald City Wellness
Emerald Network Corp
Empire Vape Shop
Enchantment Novelties
Erica's House of Wellness
Erth Dispensary
Evolution Hemp Co
Exhale Smoke Shop
Exotic Smoke Shop
Expressions Electronic Ciggarettes
Extreme Glass
EZ Liquor
EZ- Pantry
Faircloth Vapor
Fairprice Tobacco
Fire Fly
First Choice Practice Management
First Time Vape
Florida Canna CBD
Fly Zone 2
Fond Du Lac Smoke Shop
Freakys
Full House Wholesale
Fuzzy Bubble
Galaxy Smoke
Gateway Technologies
GemStones
Georgio Smoke and vape
Gerneration V
Get Lit Tobacco Vape Store
G&G Smoke Shop
Glass Chamber Jensen Beach
Glass Chamber - Stuart
Glass House - Dallas
Glass House Dallas - Frankford
Glass House Lewisville
Glass Monkey Smoke Shop
Glassroots
Glenn Rock Smoke Shop
Good Earth Organics
Good Health inc
Good Karma Cigars
Good Times Smoke Shops
Go Vapor
Graham Vape & Cigar
Grams Mini Mart & Smoke Shop
Grandview Food & Liquor
Grateful Shed
Greatest Shop Ever
GreenCrossNaturals
Green Gorilla
Green Gorilla
Green Gorilla 2
Green Haze
Green Kings
Groh House
Grover Smoke Shop
Happy Buddha
HappyDaze
HappyDaze
HappyDaze
Happy Daze
Happy Daze
Happy Daze
Happy Grower
Happy Hemp Farmacy
Happy Place Head Shop
Happy Trails
Harrys Market
Harrys Smoke Shop
Hazy Dayz
Headquarters Tobacco and Gifts
Healing Emotionally Mentally Physically LLC
Healing Hemp of Arkansas
Healing Wichita
Health 4 Nola
Heath's Nautral Foods Incorporated
Hemp CBD Superstore
Hemp Connect
Hemp Dropz
Hemp For Fitness
Hempies
Hemp Leaf CBD Supply Co
Hemp Oil Distro
Hemporium
Herbal Medz CBD Emporium
Herbal Wonder
Hidden Valley Hemp
High Lyfe Smoke Shop
High Noon Vapor
High Tides
Highzone Smoke Shop
Hillbilly Vape
Hokus Pokus
Holistic Hope
Holy Smokes
Hot Spot
Hot Wax Glass Co
House Of Glass
House Of Hemp
House of Hookah
HUB Inc
Hwy 27 Hemp House
Hydroponic Unique Goods
Hypnotic
Hypnotized
I Heart CBD Mt. Pleasant
Illuminent CBD
Illusions Smoke
In And Out Market
In Limbo Hippy Shop
I Smoke Shop
Jad And Co Distibution
J&D Trading
J & J Smoke Shop Corp
JRB Wholesale Llc
JSS Vape Shop
J&S Vapor Shop
Kaliedo Smok
Karma Kind
Kickinit With Kava
Kilo Eliquids
Kinder Combs
King Smoke Shop
Kink Euphoria
Kiss My Glass
Kiss My Glass Smoke Shop
Kountry Kloudz
Kratom Plus CBD
Kratom Plus CBD
Kronic Smoke Shop
L.A. Vapors Elite Smoke Shop
Lava Smoke Shop
Legal Smile
Levels Smoke Shop
Lifted
Lifted 2 LLC
Lifted Head Supply
Light It Up Smoke Supplies
Lil Devil Smoke Shop
Lion Petro
Lit Smoke
Lit Smoke Shop
LJ's Smoke shop
Lomax Enterprise
Lowfume Smoke Shop
Lucid Vizions
Luv's Vapes
Madeira Beach Smoke Shop
Made Men Distribution
Mad Hatters
Mad Vapes
Magic Vapes
Mape Vape
Marana Smoke Shop
Marley's Smoke Shop
Marleys Smoke Shop
Marleys Smoke Shop - Delaware
Martha's Tobacco
Mary Jane & Company
Mary Janes CBD
Mary Janes Treehouse
Mazaj Smoke Shop
MBI LLC
McMinnville Hemp Dispensary
MeCBD
Med Green CBD dispensary
Merchants of Marijuana
Merigold Cigarette Outlet
Metro Smoke Shop
Mezmorize
Midwest CBD
Milwaukee Hustler LLC
Milwaukee Vapor
Mini Market
Miracle Pain Relief CBD store
Miss D's CBD & Wellness Center
Modern Age
Modern Day Hemp Company
Modest Hemp
Modo Vapor
Mo Glass Co
Monkey House
Monster Glass
Moonlight collectables LLC
Ms. Viva La Dees
My Happy Place
Mystic Joint
Mystic Moods
Mystique CBD
My Vape Bar
Myxed Up Creations inc.
Nara Smoke Shop
Natural Hemp Joplin LLC
Naturally Hemps
Natures Way Glass Gallery
Naughty By Nature
New Hope Herbal LLC.
New Smoke For Less
Next Door
Night Owl
Nirvana Smoke and Vape
Noahs Smoke Shop
Nona Smoke Shop
Northfield Smoke and Vape Shop
Nothing But Hemp
NU2U Vapor
Oakton Smoke shop
Odin's Smoke Shop
OG Laboratories
Og Smoke Shop
Ohm Slaw
Old Route 66 Wellness
Old School Vapor Co
Ole Town Smoke Shop
Omega Tobacco
Omura
One stop smoke shop
One Stop Smoke Shop
Only CBD Guys
Onyx CBD
Organabus
Organic CBD Solutions
Origins Hemp and CBD LLC.
Orlando Novelty
Ozark Nutrition
Palmetto Crest Sundry
Paradise Hookah LLC
Paradise Wholesale LLC
Parma Heights Smoke Shop
Payless Smoke Shop #1
Payless Smoke Shop #2
Payless Smoke Shop #3
Peace of Mind Missouri
Peace of Mind - St.Charles
Peach Tree Vapor & CBD - Marietta
Pheasant City Vapes
Pick n Go
Pinkys
Pinnacle Distribution
Pipe Dreams
Platte Hemp Co
Point Break Cigars
Politcially Incorrect
Premier Distribution Incorporated
Pro Clouds Vapor
Puff Direct LLC
Puff Munkey
Puff N Stuff
Puff N Stuff
Puff N Stuff Vapor
Pure Body and Life Holistic Wellness Center
Pure CBD
Pure Puff Vapor Supply
Pure Smoke
PurIso Labs LLC
Purple Haze
Purple Haze
Purple Peake CBD
Pyramid Smoke Shop
Queen Vapors
Quick Out
Quick Stop Smoke Shop
Quonset Hut
Rapids Tobacco And Vapor
Raw Greens
Reefers CBD
Releaf Medical Dispensary
Releaf Therapy CBD
Remediez
Rex Smoke Shop
Rich Deals
Rio Grande Botanicals
Rockford Hemp Co
Rolltide Tobacco
Roll White Boys
Roots smoke shop
Root Wellness
Roo Vapes
Royal Leaf Wilberton
RR Vapors
Sacred Flower
Safe House Smoke Shops
Sam's Tobacco
Savage CBD
Saveur Vape
Scottsboro Vapor
Scott Smokin Vapors
SEMO CBD
Shag
Shmokey Smoke
Sight and sound
Sight and Sound
Simple Pleasures
Simply Grown
Sin Humo LLC
Sky Walker Smoke Shop
Sky Wine And Spirits
Smash Glass & Vape
Smash Glass & Vape - Arvada
Smoke City
Smoke Drop
Smoke Fx
SMOKE N CELL
SMOKE N CELL
SMOKE N CELL
SMOKE N CELL
Smoken Dank LLC
Smoke N Peace
Smokeology Glass & Vapor
Smoker Friendly
Smokers Alley
Smokers Den
Smokers Depot 2
Smokers Kingdom
Smoke Smart
Smoke Stack
Smoke Station
Smoke Stax Lifestyle Bodega
Smoke Stop Smoke Shop
Smokey Beach
Smokey Shay's
Smokeys Pipe And Tobacco
Smokies House Of Pipes
Smokies Joint
Smokin Deals
Smoking Irishman
Smokin Hot Smoke Shop
Smooth Vapor
Smoque Vapors
SMPLSTC
Snapdragon Hemp
SnapWeb Services
Snowgrow
South Side Smoke Shop
Space Age
Sparkies
Spirits Plus
State Line Vapes
Staxx Smoke Shop
Sterling Smoke shop
STL Cannabis Club
Strain Connection
Strange Cloudz
Stuart Discount Vape And Tobacco
Suncoast Wholesale
Sunnyside Smokes
Sunnyside Smoke Shop
Sunny Wholesale
Sunshine Daydream
Sweet Island Botanicals
Taba-Co
Tekresell LLC
T&G Essentials
TGI
T.H.C. smoke Shop
The 3rd Coast Shack
The Boondock Vape Shop
The Cloud Supply
The Eastern Kentucky Hemp Company
The Feel Good store
The Flower Shop Plus
The Glass House McKinney
The Green House
The Hanging Leaf
The Head Shed
The Helping Friendly Hemp Company
The Hemp Joint
The Herbal Connection
The Loud Flower
The Love Library
The Mary Mind Dispensary
The Other Side
The Ozz
The Pipe Shop
The Rose & Hemp
The Smokers Den
The Treasure Chest
The Vape Society CBD
The Vise
Thirdeye Botanicals
THP CBD
Tigers Discount Tobacco
Tip Top Vapor
Titan Wholesale
TN Vapor
Tobacco Exotica
Tobacco Paradise
Tobacco Plus
Tobacco Town
Top Shelf Hemp
Toy Smoke Shop
Trenchant Vapes
Uncle Samz Llc
Underground Platteville LLC
Unique-A-Toke
Unique Distributors
Unique Wholesale
USA Tobacco
Vape 101
Vape and Smoke Shop
Vape Attic
Vape City
Vaped
Vape Envy
Vape Haven - Lafayette St
Vape Haven - Old Water Creek Rd
Vape N Chase
Vapen Jays
Vapen out
Vape Pros - Aurora
Vape Pros - Broomfield
Vaperior LLC
Vapewerks
VapeX
Vaping Easy
Vaping the Coast
Vapin in the Valley
Vapor Connection
Vapor Home Smoke Shop
Vapor House
Vapor House
Vaporite It
Vaporize It
Vapor Maven
Vapor Maven - Lemar
Vapor Outlet
Vapor Place
Vapor Queen
Vaporwize
Vapor Wyse
VA Wholesale
Venice Ganja
Virginia Vapes
VLB Distrobution
Voltage Vapor
VTMK LLC
Vyrt Glass and Vape
WC Vapor Company
Wellicy
Westblock Herbal
White Light CBD
Winkin Sun Hemp Co
World Peace Smoke shop
Xceptions Smoke Shop
Xpert Vapes
Xpress Liquor
Yellow Smoke Shop
Yoga Smokes
Your CBD Store
Your CBD Store
Your CBD Store
Your CBD Store
Your CBD Store - Aurora
Your CBD Store - Pasadena
Your CBD Store - Peoria
"Your CBD Store - Slidell, LA"
You Suck Vapes
Zee Vapor
Zen RVA LLC